{
  "drugA": {
    "CYP1A2-inh": 0.059000000000000004,
    "CYP1A2-sub": 0.057,
    "CYP2C19-inh": 0.03,
    "CYP2C19-sub": 0.75999999999999994,
    "CYP2C9-inh": 0.059000000000000004,
    "CYP2C9-sub": 0.14300000000000002,
    "CYP2D6-inh": 0.015,
    "CYP2D6-sub": 0.10400000000000001,
    "CYP3A4-inh": 0.016,
    "CYP3A4-sub": 0.114
  },
  "drugB": {
    "CYP1A2-inh": 0.019,
    "CYP1A2-sub": 0.342,
    "CYP2C19-inh": 0.95,
    "CYP2C19-sub": 0.032,
    "CYP2C9-inh": 0.727000000000000003,
    "CYP2C9-sub": 0.003,
    "CYP2D6-inh": 0.39,
    "CYP2D6-sub": 0.22000000000000002,
    "CYP3A4-inh": 0.174,
    "CYP3A4-sub": 0.361
  }
}
